1;CGK10000;JAKARTA;2021-07-02;2021-07-02
2;CLG10000;CILEGON;2021-07-02;2021-07-02
3;CLG20200;RANGKASBITUNG;2021-07-02;2021-07-02
4;BTJ20300;MEULABOH;2021-07-02;2021-07-02
5;BTJ20400;SIGLI,KAB.PIDIE;2021-07-02;2021-07-02
6;BTJ20500;TAKENGON;2021-07-02;2021-07-02
7;BTJ20600;TAPAKTUAN,KAB.ACEH SELATAN;2021-07-02;2021-07-02
8;TJQ10000;TANJUNGPANDAN;2021-07-02;2021-07-02
9;TKG10000;BANDARLAMPUNG;2021-07-02;2021-07-02
10;KDI10000;KENDARI;2021-07-02;2021-07-02
11;KDI20200;KOLAKA,KAB.KOLAKA;2021-07-02;2021-07-02
12;KDI20209;TIRAWUTA,KOLAKA TIMUR;2021-07-02;2021-07-02
13;KDI20300;RAHA,KAB.MUNA;2021-07-02;2021-07-02
14;KDI20306;KULISUSU,RAHA;2021-07-02;2021-07-02
15;KDI20400;UNAAHA,KAB.KONAWE;2021-07-02;2021-07-02
16;KDR10000;KEDIRI;2021-07-02;2021-07-02
17;KOE10000;KUPANG;2021-07-02;2021-07-02
18;KOE20101;KOBALIMA,BETUN;2021-07-02;2021-07-02
19;KOE20104;MALAKA TENGAH,ATAMBUA;2021-07-02;2021-07-02
20;KOE20200;KALABAHI;2021-07-02;2021-07-02
21;KOE20300;KEFAMENANU,KAB.TIMOR TGH UTARA;2021-07-02;2021-07-02
22;KOE20400;LARANTUKA,KAB.FLORES TIMUR;2021-07-02;2021-07-02
23;SRG21800;BANJARNEGARA,KAB.BANJARNEGARA;2021-07-02;2021-07-02
24;AMI10000;MATARAM;2021-07-02;2021-07-02
25;AMI20200;DOMPU,KAB.DOMPU;2021-07-02;2021-07-02
26;AMI20300;PRAYA,KAB.LOMBOK TENGAH;2021-07-02;2021-07-02
27;AMI20400;SELONG,KAB.LOMBOK TIMUR;2021-07-02;2021-07-02
28;AMI20500;SUMBAWA BESAR;2021-07-02;2021-07-02
29;AMQ20100;MASOHI,KAB.MALUKU TENGAH;2021-07-02;2021-07-02
30;AMQ20101;BANDA,MASOHI;2021-07-02;2021-07-02
31;AMQ20108;PULAU HARUKU,MASOHI;2021-07-02;2021-07-02
32;AMQ20200;TUAL;2021-07-02;2021-07-02
33;BDJ10100;BARABAI,KAB.HULU SUNGAI TNGH;2021-07-02;2021-07-02
34;BDJ10200;KANDANGAN,KAB.HULU SUNGAI SLTN;2021-07-02;2021-07-02
35;BDJ10404;KELUA,TANJUNG;2021-07-02;2021-07-02
36;BDJ20100;AMUNTAI;2021-07-02;2021-07-02
37;BDJ20200;MARABAHAN,KAB.BARITO KUALA;2021-07-02;2021-07-02
38;BDJ20300;MARTAPURA,KAB.BANJAR;2021-07-02;2021-07-02
39;BDJ20400;PELAIHARI, KAB.BANJARMASIN;2021-07-02;2021-07-02
40;BDJ20401;BATI-BATI,PELAIHARI;2021-07-02;2021-07-02
41;BDJ20402;JORONG,PELAIHARI;2021-07-02;2021-07-02
42;BDJ20502;BINUANG,RANTAU;2021-07-02;2021-07-02
43;BDO10000;BANDUNG;2021-07-02;2021-07-02
44;BDO20200;SUMEDANG;2021-07-02;2021-07-02
45;BKS20100;ARGAMAKMUR, KAB.BENGKULU UTARA;2021-07-02;2021-07-02
46;BKS20200;CURUP, KAB.REJANG LEBONG;2021-07-02;2021-07-02
47;BKS20300;KOTA MANNA, KAB.BENGKULU SLTN;2021-07-02;2021-07-02
48;BPN10000;BALIKPAPAN;2021-07-02;2021-07-02
49;BPN20101;BATU SOPANG,TANAH GROGOT;2021-07-02;2021-07-02
50;BPN20200;TANJUNGREDEB, KAB.BERAU;2021-07-02;2021-07-02
51;BTJ10000;BANDAACEH;2021-07-02;2021-07-02
52;KOE20600;RUTENG,KAB.MANGGARAI;2021-07-02;2021-07-02
53;KOE20700;SOE,KAB.TIMOR TENGAH SELATAN;2021-07-02;2021-07-02
54;KOE20800;ENDE,KAB.ENDE;2021-07-02;2021-07-02
55;KOE20900;BAJAWA,KAB.NGADA;2021-07-02;2021-07-02
56;MES20601;BANDAR,SIMALUNGUN;2021-07-02;2021-07-02
57;MES20700;RANTAUPRAPAT, KAB.LABUHAN BATU;2021-07-02;2021-07-02
58;MES20704;KOTAPINANG, LABUHAN BATU SELATAN;2021-07-02;2021-07-02
59;MES20800;KABANJAHE, KAB.KARO;2021-07-02;2021-07-02
60;MES20900;STABAT, KAB.LANGKAT;2021-07-02;2021-07-02
61;MES21100;TEBINGTINGGI;2021-07-02;2021-07-02
62;MJK10000;MOJOKERTO;2021-07-02;2021-07-02
63;MXG10000;MALANG;2021-07-02;2021-07-02
64;SUB10000;SURABAYA;2021-07-02;2021-07-02
65;SUB10100;GRESIK,KAB.GRESIK;2021-07-02;2021-07-02
66;SUB20500;PAMEKASAN,KAB.PAMEKASAN;2021-07-02;2021-07-02
67;SUB20800;SUMENEP,KAB.SUMENEP;2021-07-02;2021-07-02
68;SUB20900;TUBAN,KAB.TUBAN;2021-07-02;2021-07-02
69;SOC20600;WONOGIRI,KAB.WONOGIRI;2021-07-02;2021-07-02
70;BTJ20700;SABANG,KOTA SABANG;2021-07-02;2021-07-02
71;SRG21200;REMBANG,KAB.REMBANG;2021-07-02;2021-07-02
72;SRG21600;UNGARAN;2021-07-02;2021-07-02
73;MXG20100;BLITAR;2021-07-02;2021-07-02
74;PBL10000;PROBOLINGGO;2021-07-02;2021-07-02
75;PBL20200;SITUBONDO,KAB.SITUBONDO;2021-07-02;2021-07-02
76;PDG10000;PADANG;2021-07-02;2021-07-02
77;PDG20100;BATUSANGKAR;2021-07-02;2021-07-02
78;PDG20300;LUBUKSIKAPING,KAB,PASAMAN;2021-07-02;2021-07-02
79;PDG20600;PARIAMAN,KAB.PADANG PARIAMAN;2021-07-02;2021-07-02
80;PDG20700;PAYAKUMBUH;2021-07-02;2021-07-02
81;PDG20800;SAWAHLUNTO;2021-07-02;2021-07-02
82;PDG20900;SOLOK;2021-07-02;2021-07-02
83;PDG21100;PADANGPANJANG;2021-07-02;2021-07-02
84;TKG20200;KOTABUMI, KAB.LAMPUNG UTARA;2021-07-02;2021-07-02
85;TKG20300;METRO, KOTA METRO;2021-07-02;2021-07-02
86;TNJ10000;TANJUNGPINANG;2021-07-02;2021-07-02
87;TRK10000;TARAKAN;2021-07-02;2021-07-02
88;TRK20100;TANJUNG SELOR, KAB BULUNGAN;2021-07-02;2021-07-02
89;UPG10000;MAKASAR;2021-07-02;2021-07-02
90;UPG20200;BARRU,KAB.BARRU;2021-07-02;2021-07-02
91;UPG20300;BULUKUMBA;2021-07-02;2021-07-02
92;UPG20400;ENREKANG,KAB.ENREKANG;2021-07-02;2021-07-02
93;UPG20500;JENEPONTO,KAB.JENEPONTO;2021-07-02;2021-07-02
94;UPG20600;MAKALE,KAB.TANA TORAJA;2021-07-02;2021-07-02
95;UPG20700;MAMUJU,MAMUJU;2021-07-02;2021-07-02
96;UPG20800;MAROS;2021-07-02;2021-07-02
97;UPG20900;MAJENE,MAJENE;2021-07-02;2021-07-02
98;UPG21000;PALOPO;2021-07-02;2021-07-02
99;UPG21100;PINRANG;2021-07-02;2021-07-02
100;UPG21208;WONOMULYO,POLEWALI MANDAR;2021-07-02;2021-07-02
101;UPG21300;SIDENRENG,KAB.SIDENRENG;2021-07-02;2021-07-02
102;UPG21500;SINJAI;2021-07-02;2021-07-02
103;UPG21700;TAKALAR;2021-07-02;2021-07-02
104;UPG21800;WATAMPONE,KAB.BONE;2021-07-02;2021-07-02
105;UPG21900;WATANSOPPENG;2021-07-02;2021-07-02
106;UPG22000;BENTENG,KAB.SELAYAR;2021-07-02;2021-07-02
107;UPG22100;PANGKAJENE,KEP.PANGKAJENE;2021-07-02;2021-07-02
108;BDO20700;GARUT, KAB. GARUT;2021-07-02;2021-07-02
109;BDJ10500;BANJARBARU;2021-07-02;2021-07-02
110;SMD20108;KOTA BANGUN,TENGGARONG;2021-07-02;2021-07-02
111;SMI10000;SUKABUMI;2021-07-02;2021-07-02
112;BTH10403;KUNDUR, KAB. KARIMUN;2021-07-02;2021-07-02
113;SMI10007;CICURUG,SUKABUMI;2021-07-02;2021-07-02
114;SMI10014;CIKEMBAR,SUKABUMI;2021-07-02;2021-07-02
115;SMI10023;JAMPANG KULON,SUKABUMI;2021-07-02;2021-07-02
116;SMI10024;JAMPANG TENGAH,SUKABUMI;2021-07-02;2021-07-02
117;SMI10034;PARUNGKUDA,SUKABUMI;2021-07-02;2021-07-02
118;SMI10036;PELABUHANRATU,SUKABUMI;2021-07-02;2021-07-02
119;SMI10038;SAGARANTEN,SUKABUMI;2021-07-02;2021-07-02
120;SOC10000;SOLO;2021-07-02;2021-07-02
121;SOC20100;BOYOLALI,KAB.BOYOLALI;2021-07-02;2021-07-02
122;KOE21000;WAINGAPU,KAB.SUMBA TIMUR;2021-07-02;2021-07-02
123;KOE21100;WAIKABUBAK;2021-07-02;2021-07-02
124;KRW10000;KARAWANG;2021-07-02;2021-07-02
125;KRW10003;CIKAMPEK,KARAWANG;2021-07-02;2021-07-02
126;KRW10012;RENGASDENGKLOK,KARAWANG;2021-07-02;2021-07-02
127;MDC10000;MANADO;2021-07-02;2021-07-02
128;MDC20100;KOTAMOBAGU,KOTAMOBAGU;2021-07-02;2021-07-02
129;MDC20200;TAHUNA,KEP.SANGIHE;2021-07-02;2021-07-02
130;MDC20300;TONDANO,KAB.MINAHASA;2021-07-02;2021-07-02
131;MDN10000;MADIUN;2021-07-02;2021-07-02
132;BTJ10200;LHOKSEUMAWE;2021-07-02;2021-07-02
133;BTJ20100;BIREUEN;2021-07-02;2021-07-02
134;BTJ20200;KUTACANE;2021-07-02;2021-07-02
135;CBN20100;INDRAMAYU;2021-07-02;2021-07-02
136;CBN20200;KUNINGAN, KAB KUNINGAN;2021-07-02;2021-07-02
137;CXP10011;KESUGIHAN,CILACAP;2021-07-02;2021-07-02
138;CXP20000;KROYA,CILACAP;2021-07-02;2021-07-02
139;CXP10017;SIDAREJA,CILACAP;2021-07-02;2021-07-02
140;DJB10000;JAMBI;2021-07-02;2021-07-02
141;DJB10100;KUALATUNGKAL;2021-07-02;2021-07-02
142;DJB20100;BANGKO,KAB.MERANGIN;2021-07-02;2021-07-02
143;DJB20200;MUARABULIAN,KAB.BATANG HARI;2021-07-02;2021-07-02
144;DJB20204;MUARATEMBESI,MUARABULIAN;2021-07-02;2021-07-02
145;DJB20300;MUARABUNGO,KAB.BUNGO;2021-07-02;2021-07-02
146;DJB20400;SUNGAIPENUH,KAB.KERINCI;2021-07-02;2021-07-02
147;DJB20403;DANAU KERINCI,SUNGAIPENUH;2021-07-02;2021-07-02
148;DJJ20100;BIAK;2021-07-02;2021-07-02
149;GTO10000;GORONTALO;2021-07-02;2021-07-02
150;GTO20100;LIMBOTO,KAB.GORONTALO;2021-07-02;2021-07-02
151;JBR10000;JEMBER;2021-07-02;2021-07-02
152;JBR20100;BANYUWANGI, KAB BANYUWANGI;2021-07-02;2021-07-02
153;JOG10000;YOGYAKARTA;2021-07-02;2021-07-02
154;MDN20100;MAGETAN, KAB MAGETAN;2021-07-02;2021-07-02
155;MDN20200;NGAWI, KAB NGAWI;2021-07-02;2021-07-02
156;MDN20400;PONOROGO, KAB PONOROGO;2021-07-02;2021-07-02
157;MES10000;MEDAN;2021-07-02;2021-07-02
158;MES10100;KISARAN, KAB.ASAHAN;2021-07-02;2021-07-02
159;MES10300;SIDIKALANG, KAB.DAIRI;2021-07-02;2021-07-02
160;SRG20700;DEMAK;2021-07-02;2021-07-02
161;SRG20900;PATI,KAB.PATI;2021-07-02;2021-07-02
162;SRG21000;PEMALANG,KAB.PEMALANG;2021-07-02;2021-07-02
163;BPN10008;SAMBOJA, KUTAI KARTANEGARA;2021-07-02;2021-07-02
164;BKS20116;PUTRI HIJAU,ARGAMAKMUR;2021-07-02;2021-07-02
165;SOC20500;SUKOHARJO;2021-07-02;2021-07-02
166;SOQ10000;SORONG;2021-07-02;2021-07-02
167;SOQ10010;SAUSAPOR,SORONG;2021-07-02;2021-07-02
168;SRG10000;SEMARANG;2021-07-02;2021-07-02
169;SRG10100;JEPARA,KAB.JEPARA;2021-07-02;2021-07-02
170;SRG10200;KUDUS,KAB.KUDUS;2021-07-02;2021-07-02
171;SRG10300;PEKALONGAN;2021-07-02;2021-07-02
172;SRG20200;BATANG ,KAB BATANG;2021-07-02;2021-07-02
173;SRG20300;BLORA,KAB.BLORA;2021-07-02;2021-07-02
174;PLW20212;PAMONA SELATAN,POSO;2021-07-02;2021-07-02
175;PNK10100;KETAPANG, KAB.KETAPANG;2021-07-02;2021-07-02
176;PNK10105;NANGA TAYAP,KETAPANG;2021-07-02;2021-07-02
177;PNK10200;SANGGAU, KAB SANGGAU;2021-07-02;2021-07-02
178;PNK10300;SINGKAWANG;2021-07-02;2021-07-02
179;PNK10400;SINTANG,KAB.SINTANG;2021-07-02;2021-07-02
180;PNK20200;PUTUSSIBAU, KAB.KAPUAS HULU;2021-07-02;2021-07-02
181;SMD10000;SAMARINDA;2021-07-02;2021-07-02
182;SMD20100;TENGGARONG,KAB.KUTAI;2021-07-02;2021-07-02
183;SUB21000;TULUNGAGUNG,KAB.TULUNGAGUNG;2021-07-02;2021-07-02
184;SUB22000;TRENGGALEK,KAB.TRENGGALEK;2021-07-02;2021-07-02
185;PGK10000;PANGKALPINANG;2021-07-02;2021-07-02
186;PGK10200;SUNGAI LIAT,BANGKA;2021-07-02;2021-07-02
187;PKU21011;SOREK, KAB PELALAWAN;2021-07-02;2021-07-02
188;PGK10201;BELINYU,BANGKA;2021-07-02;2021-07-02
189;PKU10000;PEKANBARU;2021-07-02;2021-07-02
190;PKU20100;BANGKINANG, KAB KAMPAR;2021-07-02;2021-07-02
191;PKU20101;KAMPAR,BANGKINANG;2021-07-02;2021-07-02
192;PKU20200;BENGKALIS, KAB BENGKALIS;2021-07-02;2021-07-02
193;PKU20300;RENGAT, KAB INDRAGIRI HULU;2021-07-02;2021-07-02
194;PKU20307;SIBERIDA,RENGAT;2021-07-02;2021-07-02
195;PKU20400;TEMBILAHAN, INDRAGIRI HILIR;2021-07-02;2021-07-02
196;PKU20500;BAGANSIAPIAPI, KAB ROKAN HILIR;2021-07-02;2021-07-02
197;PKY20200;KASONGAN,KAB.KATINGAN;2021-07-02;2021-07-02
198;PKY20300;KUALAKAPUAS;2021-07-02;2021-07-02
199;PKY20500;KUALA PEMBUANG;2021-07-02;2021-07-02
200;PKY20700;PANGKALANBUN;2021-07-02;2021-07-02
201;PKY20800;SAMPIT;2021-07-02;2021-07-02
202;PKY20806;PARENGGEAN,SAMPIT;2021-07-02;2021-07-02
203;PLM10000;PALEMBANG;2021-07-02;2021-07-02
204;DJJ20400;MERAUKE,KAB.MERAUKE;2021-07-02;2021-07-02
205;DJJ20500;NABIRE,KAB.NABIRE;2021-07-02;2021-07-02
206;DJJ20600;SERUI;2021-07-02;2021-07-02
207;DPK10000;DEPOK;2021-07-02;2021-07-02
208;DPS10000;DENPASAR;2021-07-02;2021-07-02
209;PLM20300;LAHAT,KAB.LAHAT;2021-07-02;2021-07-02
210;PLM20600;PAGARALAM;2021-07-02;2021-07-02
211;PLM20700;PRABUMULIH;2021-07-02;2021-07-02
212;PLM20800;SEKAYU,KAB.MUSI BANYUASIN;2021-07-02;2021-07-02
213;PLM20806;SUNGAI LILIN,SEKAYU;2021-07-02;2021-07-02
214;PLW20100;LUWUK,KAB.BANGGAI;2021-07-02;2021-07-02
215;PLW20103;BATUI,LUWUK;2021-07-02;2021-07-02
216;PLW20200;POSO;2021-07-02;2021-07-02
217;MGL10400;TEMANGGUNG,KAB.TEMANGGUNG;2021-07-02;2021-07-02
218;PNK10223;ENTIKONG, SANGGAU;2021-07-02;2021-07-02
219;CGK10600;PULAU PRAMUKA;2021-07-02;2021-07-02
220;TKG20404;KRUI, PESISIR BARAT;2021-07-02;2021-07-02
221;TKG20104;TANJUNG BINTANG, LAMPUNG SEL;2021-07-02;2021-07-02
222;TKG20107;KATIBUNG, KAB.LAMPUNG SELATAN;2021-07-02;2021-07-02
223;TRK20105;PULAU BUNYU, TANJUNGSELOR;2021-07-02;2021-07-02
224;TRK20200;MALINAU, KAB MALINAU;2021-07-02;2021-07-02
225;TRK20300;NUNUKAN, KAB NUNUKAN;2021-07-02;2021-07-02
226;TRK20301;KRAYAN, NUNUKAN;2021-07-02;2021-07-02
227;TRK20304;SEBATIK , NUNUKAN;2021-07-02;2021-07-02
228;SMD10007;PALARAN;2021-07-02;2021-07-02
229;PKU20114;GUNUNG SAHILAN, BANGKINANG;2021-07-02;2021-07-02
230;PKU20119;PERHENTIAN RAJA, BANGKINANG;2021-07-02;2021-07-02
231;BOO20127;CILEUNGSI,KAB.BOGOR;2021-07-02;2021-07-02
232;BTG20100;SANGGATA, KUTAI TIMUR;2021-07-02;2021-07-02
233;BTG20103;BENGALON , SANGATA;2021-07-02;2021-07-02
234;BTG20116;SANGKULIRANG , SANGATA;2021-07-02;2021-07-02
235;CBN20420;KLANGENAN, SUMBER;2021-07-02;2021-07-02
236;PLM20508;LAWANG KIDUL - TJ.ENIM,MR ENIM;2021-07-02;2021-07-02
237;PLM20517;TALANG UBI,MUARA ENIM;2021-07-02;2021-07-02
238;BTJ21000;BLANGPIDIE;2021-07-02;2021-07-02
239;SRG20309;CEPU,BLORA;2021-07-02;2021-07-02
240;MES20713;AEK KUO,LABUHANBATU;2021-07-02;2021-07-02
241;MES20915;BINJAI,LANGKAT;2021-07-02;2021-07-02
242;PKU20124;TAPUNG HILIR, BANGKINANG;2021-07-02;2021-07-02
243;PKU20414;PULAU BURUNG, TEMBILAHAN;2021-07-02;2021-07-02
244;PKU20412;KEMUNING, TEMBILAHAN;2021-07-02;2021-07-02
245;PKU20509;BANGKO PUSAKO, KAB ROKAN HILIR;2021-07-02;2021-07-02
246;PKU20506;TANAH PUTIH, KAB ROKAN HILIR;2021-07-02;2021-07-02
247;JOG20400;WATES,KAB.KULON PROGO;2021-07-02;2021-07-02
248;JOG20500;WONOSARI,KAB.GN.KIDUL;2021-07-02;2021-07-02
249;BKS23000;TAIS, KAB.SELUMA;2021-07-02;2021-07-02
250;DPS20502;KLUNGKUNG,SEMARAPURA;2021-07-02;2021-07-02
251;DPS20503;NUSAPENIDA,SEMARAPURA;2021-07-02;2021-07-02
252;DPS20700;TABANAN;2021-07-02;2021-07-02
253;BDJ20700;MUARATEWEH;2021-07-02;2021-07-02
254;BDJ20800;TAMIANGLAYANG;2021-07-02;2021-07-02
255;BDJ20900;PURUK CAHU;2021-07-02;2021-07-02
256;MES22500;TANJUNG BALAI;2021-07-02;2021-07-02
257;AMQ20400;DOBO, DOBO;2021-07-02;2021-07-02
258;AMQ20600;PIRU, PIRU;2021-07-02;2021-07-02
259;MDC20700;MELONGUANE;2021-07-02;2021-07-02
260;BKS21100;KAUR,KAB.KAUR;2021-07-02;2021-07-02
261;BKS21200;KEPAHIANG,KAB.KEPAHIANG;2021-07-02;2021-07-02
262;BKS21300;LEBONG;2021-07-02;2021-07-02
263;BKS21400;MUKO-MUKO,BENGKULU;2021-07-02;2021-07-02
264;DJB20607;SUNGAI BAHAR,SENGETI;2021-07-02;2021-07-02
265;DJB20901;RIMBO BUJANG,MUARA TEBO;2021-07-02;2021-07-02
266;SMD20210;MELAK, SENDAWAR;2021-07-02;2021-07-02
267;PKU20112;BANGKINANG BARAT,BANGKINANG;2021-07-02;2021-07-02
268;PKU20113;BANGKINANG SEBERANG;2021-07-02;2021-07-02
269;PKY21300;SUKAMARA,KAB.SUKAMARA;2021-07-02;2021-07-02
270;BTH10204;SINGKEP, DAIK;2021-07-02;2021-07-02
271;BTH10200;DAIK;2021-07-02;2021-07-02
272;DPS20609;BULELENG,SINGARAJA;2021-07-02;2021-07-02
273;DPS20108;KARANGASEM,AMLAPURA;2021-07-02;2021-07-02
274;AMI20807;TANJUNG, GERUNG;2021-07-02;2021-07-02
275;AMI20800;GERUNG, KAB.LOMBOK BARAT;2021-07-02;2021-07-02
276;AMI20900;TALIWANG, KAB.SUMBAWA BARAT;2021-07-02;2021-07-02
277;PLW20117;TOILI,LUWUK;2021-07-02;2021-07-02
278;PLW20500;BANGGAI,KAB.BANGGAI KEP.;2021-07-02;2021-07-02
279;PLW20700;BANAWA,KAB.DONGGALA;2021-07-02;2021-07-02
280;PLW20709;SIGI BIROMARU;2021-07-02;2021-07-02
281;PLW21000;AMPANA KOTA,AMPANA;2021-07-02;2021-07-02
282;MDC20800;AIRMADIDI,KAB.MINAHASA UTARA;2021-07-02;2021-07-02
283;MDC21000;RATAHAN,KAB.MINAHASA TENGGARA;2021-07-02;2021-07-02
284;BTJ21100;KRUENG SABEE/CALANG;2021-07-02;2021-07-02
285;BTJ21400;IDI RAYEUK,KAB.ACEH TIMUR;2021-07-02;2021-07-02
286;BTJ21500;LHOKSUKON,KAB.ACEH UTARA;2021-07-02;2021-07-02
287;BTJ21700;BLANGKEJEREN,KAB.GAYOLUES;2021-07-02;2021-07-02
288;BTJ21800;SUKA MAKMUE;2021-07-02;2021-07-02
289;BTJ21900;MEUREUDU,KAB.PIDIE JAYA;2021-07-02;2021-07-02
290;MES22100;SALAK,KAB.PAKPAK BARAT;2021-07-02;2021-07-02
291;MES22300;SEI RAMPAH,KAB.SERDANG BEDAGAI;2021-07-02;2021-07-02
292;AMQ20300;NAMLEA,KAB.BURU;2021-07-02;2021-07-02
293;TTE20307;OBI,LABUHA;2021-07-02;2021-07-02
294;TTE20300;LABUHA;2021-07-02;2021-07-02
295;TTE20400;WEDA,KAB.HALMAHERA TENGAH;2021-07-02;2021-07-02
296;TTE20500;MABA,KAB.HALMAHERA TIMUR;2021-07-02;2021-07-02
297;TTE20501;MABA SELATAN,MABA;2021-07-02;2021-07-02
298;TTE20600;TOBELO,KAB.HALMAHERA UTARA;2021-07-02;2021-07-02
299;TTE20700;SANANA,KAB.KEP.SULA;2021-07-02;2021-07-02
300;SOQ20100;KAIMANA;2021-07-02;2021-07-02
301;SOQ20300;WAISAI,KAB.RAJA AMPAT;2021-07-02;2021-07-02
302;SOQ10019;AIMAS,SORONG;2021-07-02;2021-07-02
303;SOQ20404;AYAMARU,TEMINABUAN;2021-07-02;2021-07-02
304;SOQ20400;TEMINABUAN,KAB.SORONG SELATAN;2021-07-02;2021-07-02
305;SOQ20500;BINTUNI,KAB. TELUK BINTUNI;2021-07-02;2021-07-02
306;SOQ20603;WASIOR,RASEI;2021-07-02;2021-07-02
307;DJJ21500;SARMI,KAB.SARMI;2021-07-02;2021-07-02
308;UPG20605;RANTEPAO KAB. TANA TORAJA UTR;2021-07-02;2021-07-02
309;UPG23400;MAMASA,MAMASA;2021-07-02;2021-07-02
310;UPG20715;TOPOYO,MAMUJU;2021-07-02;2021-07-02
311;UPG23500;PASANGKAYU,MAMUJU UTARA;2021-07-02;2021-07-02
312;KOE21300;BORONG,KAB.MANGGARAI TIMUR;2021-07-02;2021-07-02
313;MES10606;PANCUR BATU,LUBUK PAKAM;2021-07-02;2021-07-02
314;BTJ22100;SINABANG;2021-07-02;2021-07-02
315;TJQ10102;GANTUNG,BELITUNG TIMUR;2021-07-02;2021-07-02
316;TJQ10100;MANGGAR,KAB.BELITUNG TIMUR;2021-07-02;2021-07-02
317;TJQ10103;KELAPA KAMPIT,BELITUNG TIMUR;2021-07-02;2021-07-02
318;BTH10306;JEMAJA,KEP.ANAMBAS;2021-07-02;2021-07-02
319;PLM21000;PANGKALANBALAI,KAB.BANYUASIN;2021-07-02;2021-07-02
320;PLM21401;BELITANG, MARTAPURA;2021-07-02;2021-07-02
321;PLM21400;MARTAPURA,KAB.OGAN KOMERING;2021-07-02;2021-07-02
322;PLM21500;MUARADUA,KAB.OGAN KOMERING ULU;2021-07-02;2021-07-02
323;PLM21100;TEBING TINGGI,KAB.EMPAT LAWANG;2021-07-02;2021-07-02
324;PLM21300;INDRALAYA,KAB.OGAN ILIR;2021-07-02;2021-07-02
325;BTJ10100;LANGSA;2021-07-02;2021-07-02
326;KDI20601;BATAUGA, BUTON SELATAN;2021-07-02;2021-07-02
327;KDI20603;GU,BUTON TENGAH;2021-07-02;2021-07-02
328;KDI20800;WANGGODO/ANDOLO,KAB.KONAWE;2021-07-02;2021-07-02
329;KDI20900;WANGI WANGI,KAB.WAKATOBI;2021-07-02;2021-07-02
330;PKU20217;DURI-MANDAU,BENGKALIS;2021-07-02;2021-07-02
331;PGK10502;PAYUNG,BANGKA SELATAN;2021-07-02;2021-07-02
332;PGK10504;SIMPANG RIMBA,BANGKA SELATAN;2021-07-02;2021-07-02
333;TKG21400;GEDONG TATAAN,KAB.PESAWARAN;2021-07-02;2021-07-02
334;PLM21600;LUBUK LINGGAU;2021-07-02;2021-07-02
335;PGK10206;MERAWANG,BANGKA;2021-07-02;2021-07-02
336;BDO10100;BANDUNG KAB, SOREANG;2021-07-02;2021-07-02
337;BDO10129;RANCAEKEK,SOREANG;2021-07-02;2021-07-02
338;KOE21400;MBAY,KAB.NAGEKEO;2021-07-02;2021-07-02
339;KOE21500;BAA, BAA;2021-07-02;2021-07-02
340;KOE21600;TAMBOLAKA, TAMBOLAKA;2021-07-02;2021-07-02
341;TNJ10102;BINTAN UTARA, KAB.BINTAN;2021-07-02;2021-07-02
342;MES21508;SEI SUKA,LIMAPULUH;2021-07-02;2021-07-02
343;AMQ20800;SAUMLAKI,KAB.MALUKU TENGGARA;2021-07-02;2021-07-02
344;PLW20600;BUOL, KAB. BUOL;2021-07-02;2021-07-02
345;PLW20800;BUNGKU, KAB. MOROWALI;2021-07-02;2021-07-02
346;MDN10100;CARUBAN,KAB.MADIUN;2021-07-02;2021-07-02
347;TKG20906;TERBANGGIBESAR / BANDARJAYA;2021-07-02;2021-07-02
348;KOE21900;OELAMASI,KAB.OELAMASI;2021-07-02;2021-07-02
349;BTH10300;RANAI, KAB. NATUNA;2021-07-02;2021-07-02
350;TKG21300;KOTA AGUNG, KAB.TANGGAMUS;2021-07-02;2021-07-02
351;TKG21303;PRINGSEWU, PRINGSEWU;2021-07-02;2021-07-02
352;TKG21204;BANJAR AGUNG, MENGGALA;2021-07-02;2021-07-02
353;TKG21214;TUMIJAJAR, MENGGALA;2021-07-02;2021-07-02
354;MDC20900;AMURANG, MINAHASA SELATAN;2021-07-02;2021-07-02
355;KOE10104;KATIKUTANA,WAIBAKUL;2021-07-02;2021-07-02
356;BTH10400;TANJUNG BALAI KARIMUN;2021-07-02;2021-07-02
357;PDG21900;MUARA,KAB.SIJUNJUNG;2021-07-02;2021-07-02
358;PDG22200;LUBUK BASUNG,KAB.AGAM;2021-07-02;2021-07-02
359;PKY20408;GUNUNG MAS,KUALAKURUN;2021-07-02;2021-07-02
360;DJB20900;MUARA TEBO;2021-07-02;2021-07-02
361;DJB20800;MUARA SABAK,KAB.TNJ JABUNG TMR;2021-07-02;2021-07-02
362;PKU20900;TELUK KUANTAN;2021-07-02;2021-07-02
363;PKU21000;PANGKALAN KERINCI,PALALAWAN;2021-07-02;2021-07-02
364;PKU21009;UKUI,KAB.PALALAWAN;2021-07-02;2021-07-02
365;PKU21104;KUNTODARUSSALAM,P.PANGARAIAN;2021-07-02;2021-07-02
366;PKU21109;TANDUN,PASIR PANGARAIAN;2021-07-02;2021-07-02
367;PKU21100;PASIR PANGARAIAN;2021-07-02;2021-07-02
368;PKU21204;KANDIS,SIAKSRIINDAPURA;2021-07-02;2021-07-02
369;PKU21208;MINAS,SIAKSRIINDAPURA;2021-07-02;2021-07-02
370;PKU21209;SIAK;2021-07-02;2021-07-02
371;PKU21212;TUALANG,SIAKSRIINDAPURA;2021-07-02;2021-07-02
372;PDG21200;PULAU PUNJUNG,KAB.DHARMASRAYA;2021-07-02;2021-07-02
373;GTO20204;PAGUYAMAN,TILAMUTA;2021-07-02;2021-07-02
374;GTO20200;TILAMUTA,KAB.BOALEMO;2021-07-02;2021-07-02
375;GTO20400;KWANDANG,KAB.GORONTALO UTARA;2021-07-02;2021-07-02
376;GTO20500;MARISA,KAB.PAHUWATO;2021-07-02;2021-07-02
377;UPG23112;WALENRANG,BELOPA;2021-07-02;2021-07-02
378;UPG23200;MALILI,KAB.LUWU TIMUR;2021-07-02;2021-07-02
379;UPG23203;MANGKUTANA,KAB.LUWU TIMUR;2021-07-02;2021-07-02
380;UPG23300;MASAMBA,KAB.LUWU UTARA;2021-07-02;2021-07-02
381;PDG21400;TUAPEJAT;2021-07-02;2021-07-02
382;PDG21500;SIMPANG EMPAT;2021-07-02;2021-07-02
383;TTE20800;TIDORE;2021-07-02;2021-07-02
384;PDG21710;LEMBAH GUMANTI,AROSUKA;2021-07-02;2021-07-02
385;TGR10113;SERPONG, TANGERANG SELATAN;2021-07-02;2021-07-02
386;BDO21000;BANDUNG BARAT KAB, NGAMPRAH;2021-07-02;2021-07-02
387;MXG20303;BULULAWANG, KAB.MALANG;2021-07-02;2021-07-02
388;MXG20300;KEPANJEN,KAB. MALANG;2021-07-02;2021-07-02
389;MXG20323;TUREN, KABUPATEN MALANG;2021-07-02;2021-07-02
390;PNK20700;NGABANG, KAB LANDAK;2021-07-02;2021-07-02
391;PNK20800;NANGA PINOH, KAB MELAWI;2021-07-02;2021-07-02
392;PNK21100;SEKADAU HILIR, KAB SEKADAU;2021-07-02;2021-07-02
393;BDJ21200;PARINGIN, KAB BALANGAN;2021-07-02;2021-07-02
394;BDJ21300;BATULICIN, KAB TANAH BUMBU;2021-07-02;2021-07-02
395;BDJ21301;KUSAN HILIR,BATULICIN;2021-07-02;2021-07-02
396;BDJ21303;SATUI,BATULICIN;2021-07-02;2021-07-02
397;BDJ21304;SUNGAI LOBAN,BATULICIN;2021-07-02;2021-07-02
398;BPN20300;PENAJAM, PENAJAM PASER UTARA;2021-07-02;2021-07-02
399;KOE21800;LEWOLEBA, LEMBATA;2021-07-02;2021-07-02
400;PGK10300;KELAPA,BANGKA BARAT;2021-07-02;2021-07-02
401;PGK10302;TEMPILANG,BANGKA BARAT;2021-07-02;2021-07-02
402;PGK10304;JEBUS,BANGKA BARAT;2021-07-02;2021-07-02
403;PGK10400;KOBA,BANGKA TENGAH;2021-07-02;2021-07-02
404;PGK10401;SUNGAI SELAN,BANGKA TENGAH;2021-07-02;2021-07-02
405;PGK10402;SIMPANG KATIS,BANGKA TENGAH;2021-07-02;2021-07-02
406;PGK10500;TOBOALI,BANGKA SELATAN;2021-07-02;2021-07-02
407;CXP10023;BANTASARI,CILACAP;2021-07-02;2021-07-02
408;MES22600;PEMATANGSIANTAR;2021-07-02;2021-07-02
409;SOQ20608;MANOKWARI;2021-07-02;2021-07-02
410;SOQ20612;ORANSBARI, MANOKWARI;2021-07-02;2021-07-02
411;SOQ20613;RANSIKI, MANOKWARI;2021-07-02;2021-07-02
412;SOQ20617;PRAFI, MANOKWARI;2021-07-02;2021-07-02
413;PKU20305;PASIR PENYU,RENGAT;2021-07-02;2021-07-02
414;PLM20500;MUARAENIM,KAB.MUARAENIM;2021-07-02;2021-07-02
415;MGL10300;PURWOREJO,KAB.PURWOREJO;2021-07-02;2021-07-02
416;DPS20200;BANGLI,KAB.BANGLI;2021-07-02;2021-07-02
417;DJJ10031;MUARA TAM,JAYAPURA;2021-07-02;2021-07-02
418;PLM10300;MUARA BELITI BARU, MUSI RAWAS;2021-07-02;2021-07-02
419;PLW20900;PARIGI,KAB.PARIGI MOUTONG;2021-07-02;2021-07-02
420;AMQ20700;DATARAN HUNIMOA;2021-07-02;2021-07-02
421;TTE20200;JAILOLO;2021-07-02;2021-07-02
422;TKG21102;BARADATU, BLAMPANGAN UMPU;2021-07-02;2021-07-02
423;UPG23100;BELOPA,KAB.LUWU;2021-07-02;2021-07-02
424;KOE20100;ATAMBUA,KAB.BELU;2021-07-02;2021-07-02
425;BDJ10400;TANJUNG,KAB.TABALONG;2021-07-02;2021-07-02
426;BPN20100;TANAH GROGOT, KAB PASER;2021-07-02;2021-07-02
427;SUB20100;BANGKALAN,KAB.BANGKALAN;2021-07-02;2021-07-02
428;TGR10000;TANGERANG;2021-07-02;2021-07-02
429;TKG20400;LIWA, LAMPUNG BARAT;2021-07-02;2021-07-02
430;PNK10000;PONTIANAK;2021-07-02;2021-07-02
431;UPG23204;SOROAKO/NUHA,KAB.LUWU TIMUR;2021-07-02;2021-07-02
432;KOE21920;SABU LIAE,OELAMASI;2021-07-02;2021-07-02
433;TKG21008;WAY JEPARA, SUKADANA;2021-07-02;2021-07-02
434;TKG21201;MESUJI, MESUJI;2021-07-02;2021-07-02
435;PKU21112;UJUNGBATU,PASIR PANGARAIAN;2021-07-02;2021-07-02
436;GTO20302;KABILA,SUWAWA;2021-07-02;2021-07-02
437;PDG21503;LEMBAH MELINTANG,SIMPANG EMPAT;2021-07-02;2021-07-02
438;TTE20802;OBA UTARA,TIDORE;2021-07-02;2021-07-02
439;PDG21800;PADANG ARO;2021-07-02;2021-07-02
440;PNK21000;SAMBAS, KAB SAMBAS;2021-07-02;2021-07-02
441;BDO21200;CIANJUR, CIANJUR;2021-07-02;2021-07-02
442;SUX10000;SURABAYA GATEWAY,SGD;2021-07-02;2021-07-02
443;SRG20400;BOJONEGORO,KAB.BOJONEGORO;2021-07-02;2021-07-02
444;SRG20800;KENDAL,KAB.KENDAL;2021-07-02;2021-07-02
445;SRG21300;SALATIGA;2021-07-02;2021-07-02
446;AMI20100;BIMA;2021-07-02;2021-07-02
447;BDJ10302;HAMPANG,KOTABARUPULAULAUT;2021-07-02;2021-07-02
448;BDJ20303;GAMBUT,MARTAPURA;2021-07-02;2021-07-02
449;SRG21700;PURBALINGGA,KAB.PURBALINGGA;2021-07-02;2021-07-02
450;MXG20200;BATU;2021-07-02;2021-07-02
451;PDG20500;PAINAN,KAB.PESISIR SELATAN;2021-07-02;2021-07-02
452;UPG21400;SENGKANG, WAJO;2021-07-02;2021-07-02
453;PNK20900;MEMPAWAH, KAB PONTIANAK;2021-07-02;2021-07-02
454;BPN10014;MUARA JAWA/HANDIL,KUKAR;2021-07-02;2021-07-02
455;BTH10000;BATAM;2021-07-02;2021-07-02
456;DJJ10000;JAYAPURA;2021-07-02;2021-07-02
457;SRG21100;PURWODADI,KAB.GROBOGAN;2021-07-02;2021-07-02
458;BDJ21100;BUNTOK;2021-07-02;2021-07-02
459;MGL10200;WONOSOBO;2021-07-02;2021-07-02
460;CBN20426;PABUARAN, SUMBER;2021-07-02;2021-07-02
461;MGL10100;KEBUMEN;2021-07-02;2021-07-02
462;PKU20507;BAGAN SINEMBAH, ROKAN;2021-07-02;2021-07-02
463;DPS20300;GIANYAR;2021-07-02;2021-07-02
464;DPS20400;NEGARA,KAB.JEMBRANA;2021-07-02;2021-07-02
465;DJB20704;PAUH,SAROLANGUN;2021-07-02;2021-07-02
466;SOQ20000;FAK-FAK;2021-07-02;2021-07-02
467;PLM21011;TALANGKELAPA,PANGKALANBALAI;2021-07-02;2021-07-02
468;KOE21200;LABUAN BAJO, LABUAN BAJO;2021-07-02;2021-07-02
469;WGX10000;GATEWAY, WANGON;2021-07-02;2021-07-02
470;MDC21500;SIAU BARAT UTR,KP SIAU T BIARO;2021-07-02;2021-07-02
471;AMQ20307;NAMROLE,BURU SEL.;2021-07-02;2021-07-02
472;AMQ20900;MOA LAKOR,MALUKU BARAT DAYA;2021-07-02;2021-07-02
473;PSR10000;PASURUAN, PASURUAN;2021-07-02;2021-07-02
474;DJJ21001;ARSO,WARIS;2021-07-02;2021-07-02
475;BUX10000;GATEWAY, BANDUNG;2021-07-02;2021-07-02
476;JBR20200;BONDOWOSO, KAB BONDOWOSO;2021-07-02;2021-07-02
477;CBN10000;CIREBON;2021-07-02;2021-07-02
478;MGL10000;MAGELANG;2021-07-02;2021-07-02
479;SOC20300;KLATEN;2021-07-02;2021-07-02
480;PLM20200;KAYUAGUNG,KAB.OGAN KOMERING;2021-07-02;2021-07-02
481;BTJ21300;KUALASIMPANG,KAB.ACEH TAMIANG;2021-07-02;2021-07-02
482;DJJ21300;OKSIBIL,KAB.PEG.BINTANG;2021-07-02;2021-07-02
483;MDN20300;PACITAN, KAB PACITAN;2021-07-02;2021-07-02
484;KDI20600;PASAR WAJO,KAB.BUTON;2021-07-02;2021-07-02
485;UPG21200;POLEWALI,POLEWALI MANDAR;2021-07-02;2021-07-02
486;SUB20600;SAMPANG,KAB.SAMPANG;2021-07-02;2021-07-02
487;DJB20700;SAROLANGUN,KAB.SAROLANGUN;2021-07-02;2021-07-02
488;PLW20300;TOLITOLI,KAB.TOLITOLI;2021-07-02;2021-07-02
489;MDC21100;TOMOHON;2021-07-02;2021-07-02
490;PNK10214;SEKAYAM BK,SANGGAU;2021-07-02;2021-07-02
491;CGX10000;GATEWAY JAKARTA;2021-07-02;2021-07-02
492;PBL20100;LUMAJANG,KAB.LUMAJANG;2021-07-02;2021-07-02
493;KDI21200;WAWONII BARAT,KONAWE;2021-07-02;2021-07-02
494;TTE20900;MOROTAI TIMUR,PULAU MOROTAI;2021-07-02;2021-07-02
495;PGK10405;LUBUK BESAR,BANGKA TENGAH;2021-07-02;2021-07-02
496;PKU21012;BANDAR SEI KIJANG,PELALAWAN;2021-07-02;2021-07-02
497;PKU21115;PENDALIAN V KOTO,ROKAN HULU;2021-07-02;2021-07-02
498;PKU21113;TAMBUSAI UTARA,ROKAN HULU;2021-07-02;2021-07-02
499;PNK20600;BENGKAYANG, KAB BENGKAYANG;2021-07-02;2021-07-02
500;DJJ10015;SENTANI,JAYAPURA;2021-07-02;2021-07-02
501;BKS10000;BENGKULU;2021-07-02;2021-07-02
502;UPG20100;BANTAENG,KAB.BANTAENG;2021-07-02;2021-07-02
503;KOE20500;MAUMERE,KAB.SIKKA;2021-07-02;2021-07-02
504;SMD20127;MUARA BADAK;2021-07-02;2021-07-02
505;MES22200;PANGURURAN,KAB.SAMOSIR;2021-07-02;2021-07-02
506;SOC20400;SRAGEN;2021-07-02;2021-07-02
507;PKU20123;TAPUNG, BANGKINANG;2021-07-02;2021-07-02
508;MJK10100;JOMBANG,KAB. JOMBANG;2021-07-02;2021-07-02
509;MJK10200;NGANJUK,KAB. NGANJUK;2021-07-02;2021-07-02
510;DJJ10036;YAPSI,JAYAPURA;2021-07-02;2021-07-02
511;DJJ21400;MULIA KAB.PUNCAK JAYA;2021-07-02;2021-07-02
512;PGK10305;PARITTIGA,BANGKA BARAT;2021-07-02;2021-07-02
513;PGK10505;PULAU BESAR,BANGKA SELATAN;2021-07-02;2021-07-02
514;TSM10000;TASIKMALAYA;2021-07-02;2021-07-02
515;TSM20000;BANJAR , BANJAR;2021-07-02;2021-07-02
516;TSM30000;CIAMIS , CIAMIS;2021-07-02;2021-07-02
517;TSM40000;PANGANDARAN , PANGANDARAN;2021-07-02;2021-07-02
518;DPS21100;MENGUWI, KAB.BADUNG;2021-07-02;2021-07-02
519;CLG20100;PANDEGLANG,KAB.PANDEGLANG;2021-07-02;2021-07-02
520;KDI21104;ANDOWIA,KONAWE UTR;2021-07-02;2021-07-02
521;SMI10005;CIBADAK,SUKABUMI;2021-07-02;2021-07-02
522;TKG20100;KALIANDA, KAB.LAMPUNG SELATAN;2021-07-02;2021-07-02
523;TKG20106;JATI AGUNG, KAB.LAMPUNG SEL;2021-07-02;2021-07-02
524;TRK20400;TANA TIDUNG, KAB TANA TIDUNG;2021-07-02;2021-07-02
525;TTE10000;TERNATE;2021-07-02;2021-07-02
526;UPG21811;LIBURENG,WATAMPONE;2021-07-02;2021-07-02
527;SOC20200;KARANGANYAR,KAB.KARANGANYAR;2021-07-02;2021-07-02
528;SRG21602;AMBARAWA, UNGARAN;2021-07-02;2021-07-02
529;CXP10000;CILACAP;2021-07-02;2021-07-02
530;SMD20123;SEBULU,TENGGARONG;2021-07-02;2021-07-02
531;PGK10301;MENTOK (MUNTOK),BANGKA BARAT;2021-07-02;2021-07-02
532;BDJ20803;DUSUN TENGAH,TAMIANGLAYANG;2021-07-02;2021-07-02
533;BKS20110;KETAHUN,ARGAMAKMUR;2021-07-02;2021-07-02
534;BTG20112;MUARA WAHAU , SANGATA;2021-07-02;2021-07-02
535;PWT10000;PURWAKARTA,KAB.PURWAKARTA;2021-07-02;2021-07-02
536;PWT20000;SUBANG,KAB.SUBANG;2021-07-02;2021-07-02
537;PWT20017;SUBANG UTARA, PAMANUKAN;2021-07-02;2021-07-02
538;PWT20028;SUBANG BARAT, PURWADADI;2021-07-02;2021-07-02
539;TGL30000;PURWOKERTO, BANYUMAS;2021-07-02;2021-07-02
540;DJJ10026;NIMBOKRANG,JAYAPURA;2021-07-02;2021-07-02
541;PKU21206;KOTO GASIP,SIAKSRIINDAPURA;2021-07-02;2021-07-02
542;PKU21301;SELAT PANJANG, KAB MERANTI;2021-07-02;2021-07-02
543;UPX10000;GATEWAY UJUNG PANDANG;2021-07-02;2021-07-02
544;BDJ10000;BANJARMASIN;2021-07-02;2021-07-02
545;BDJ10300;KOTABARU,PULAULAUT;2021-07-02;2021-07-02
546;BDJ20500;RANTAU;2021-07-02;2021-07-02
547;BTJ22200;SUBULUSSALAM;2021-07-02;2021-07-02
548;GTO20504;POPAYATO,MARISA;2021-07-02;2021-07-02
549;MES10600;LUBUK PAKAM,KAB.DELI SERDANG;2021-07-02;2021-07-02
550;MES20200;BINJAI, KOTA BINJAI;2021-07-02;2021-07-02
551;PDG20200;BUKITTINGGI;2021-07-02;2021-07-02
552;PDG21403;SIBERUT SELATAN,TUAPEJAT;2021-07-02;2021-07-02
553;PKU10100;DUMAI, KOTA DUMAI;2021-07-02;2021-07-02
554;PKY10000;PALANGKARAYA;2021-07-02;2021-07-02
555;PKY20400;KURUN,KAB.GUNUNG MAS;2021-07-02;2021-07-02
556;PLM20100;BATURAJA;2021-07-02;2021-07-02
557;PLM21001;BANYUASIN I,PANGKALANBALAI;2021-07-02;2021-07-02
558;MES21511;LAUT TADOR,BATU BARA;2021-07-02;2021-07-02
559;SUB10200;LAMONGAN,KAB.LAMONGAN;2021-07-02;2021-07-02
560;TGR10100;TIGARAKSA,KAB.TANGERANG;2021-07-02;2021-07-02
561;TIM10000;TIMIKA;2021-07-02;2021-07-02
562;UPG22300;PARE-PARE;2021-07-02;2021-07-02
563;UPG21600;SUNGGUMINASA,KAB.GOWA;2021-07-02;2021-07-02
564;TGL20000;BREBES,KAB.BREBES;2021-07-02;2021-07-02
565;TGL20002;BUMIAYU,BREBES;2021-07-02;2021-07-02
566;TGL10200;SLAWI,KAB.TEGAL;2021-07-02;2021-07-02
567;TGL10000;TEGAL;2021-07-02;2021-07-02
568;CKR10000;CIKARANG,KAB.BEKASI;2021-07-02;2021-07-02
569;AMQ10000;AMBON;2021-07-02;2021-07-02
570;BKI10000;BEKASI;2021-07-02;2021-07-02
571;BOO10000;BOGOR;2021-07-02;2021-07-02
572;BTG10000;BONTANG;2021-07-02;2021-07-02
573;BTJ21600;SIMPANG TIGA REDELON;2021-07-02;2021-07-02
574;CBN20300;MAJALENGKA;2021-07-02;2021-07-02
575;CXP10021;CIMANGGU,CILACAP;2021-07-02;2021-07-02
576;DJJ20700;WAMENA,KAB.JAYAWIJAYA;2021-07-02;2021-07-02
577;KDI20100;BAU-BAU;2021-07-02;2021-07-02
578;KDI20500;RUMBIA,KAB.BOMBANA;2021-07-02;2021-07-02
579;KDI20700;LASUSUA,KAB.KOLAKA UTARA;2021-07-02;2021-07-02
580;PLW10000;PALU;2021-07-02;2021-07-02
581;DTB10000;BALIGE, KAB.TOBA SAMOSIR;2021-07-02;2021-07-02
582;DTB20100;GUNUNGSITOLI, KAB.NIAS;2021-07-02;2021-07-02
583;DTB20200;TELUK DALAM,KAB.NIAS SELATAN;2021-07-02;2021-07-02
584;DTB20300;LAHEWA,NIAS UTARA;2021-07-02;2021-07-02
585;DTB20400;SIBOLGA, KAB.TAPANULI TENGAH;2021-07-02;2021-07-02
586;DTB20500;PADANGSIDEMPUAN;2021-07-02;2021-07-02
587;DTB20600;TARUTUNG, KAB.TAPANULI UTARA;2021-07-02;2021-07-02
588;DTB20700;GUNUNG TUA, PADANGLAWAS UTARA;2021-07-02;2021-07-02
589;DTB20800;DOLOKSANGGUL,KAB.HUMBANG;2021-07-02;2021-07-02
590;DTB20900;PANYABUNGAN,;2021-07-02;2021-07-02
591;DTB21000;SIBUHUAN;2021-07-02;2021-07-02
592;DTB21100;SIPIROK;2021-07-02;2021-07-02
593;DTB21200;BATANG TORU,TAPANULI SELATAN;2021-07-02;2021-07-02
594;DTB20106;SIROMBU,GUNUNGSITOLI;2021-07-02;2021-07-02
